반,요일,교시,과목,교사명,교실위치,층
1-1,금,1,공국,설지은,101,3
1-1,금,2,음악,송은영,101,3
1-1,금,3,한사,정승석,101,3
1-1,금,4,공영,이현경,101,3
1-1,금,5,체육,진혜영,101,3
1-1,금,6,공수,이정경,101,3
1-1,금,7,통사,이미나,101,3
1-1,목,1,통과,최현석,101,3
1-1,목,2,공수,이정경,101,3
1-1,목,3,음악,송은영,101,3
1-1,목,4,과탐,이지원,101,3
1-1,목,5,통사,이미나,101,3
1-1,목,6,한사,정승석,101,3
1-1,수,1,음악,송은영,101,3
1-1,수,2,공영,이현경,101,3
1-1,수,3,통과,최현석,101,3
1-1,수,4,공국,설지은,101,3
1-1,월,1,공수,이정경,101,3
1-1,월,2,통과,최현석,101,3
1-1,월,3,공영,이현경,101,3
1-1,월,4,한사,정승석,101,3
1-1,월,5,통사,이미나,101,3
1-1,월,6,공국,설지은,101,3
1-1,화,1,체육,진혜영,101,3
1-1,화,2,공수,이정경,101,3
1-1,화,3,진로,윤미경,101,3
1-1,화,4,통사,이미나,101,3
1-1,화,5,공영,이현경,101,3
1-1,화,6,공국,설지은,101,3
1-1,화,7,통과,최현석,101,3
1-10,금,1,공영,박경언,110,3
1-10,금,2,공수,최인경,110,3
1-10,금,3,미술,김형준,110,3
1-10,금,4,한사,부지영,110,3
1-10,금,5,통사,이윤아,110,3
1-10,금,6,공국,유하나,110,3
1-10,금,7,체육,윤보경,110,3
1-10,목,1,한사,부지영,110,3
1-10,목,2,통과,백지선,110,3
1-10,목,3,통사,이윤아,110,3
1-10,목,4,공영,박경언,110,3
1-10,목,5,공수,최인경,110,3
1-10,목,6,공국,유하나,110,3
1-10,수,1,과탐,이혜선,110,3
1-10,수,2,미술,김형준,110,3
1-10,수,3,통과,백지선,110,3
1-10,수,4,체육,윤보경,110,3
1-10,월,1,통과,백지선,110,3
1-10,월,2,한사,부지영,110,3
1-10,월,3,공수,최인경,110,3
1-10,월,4,공국,유하나,110,3
1-10,월,5,통사,이윤아,110,3
1-10,월,6,공영,박경언,110,3
1-10,화,1,통과,백지선,110,3
1-10,화,2,미술,김형준,110,3
1-10,화,3,공영,박경언,110,3
1-10,화,4,공수,최인경,110,3
1-10,화,5,진로,윤미경,110,3
1-10,화,6,통사,이윤아,110,3
1-10,화,7,공국,유하나,110,3
1-11,금,1,미술,김형준,111,3
1-11,금,2,공국,유하나,111,3
1-11,금,3,공수,최인경,111,3
1-11,금,4,공영,박경언,111,3
1-11,금,5,한사,부지영,111,3
1-11,금,6,통과,백지선,111,3
1-11,금,7,통사,이혜정,111,3
1-11,목,1,체육,윤보경,111,3
1-11,목,2,공국,유하나,111,3
1-11,목,3,통사,이혜정,111,3
1-11,목,4,공수,최인경,111,3
1-11,목,5,통과,백지선,111,3
1-11,목,6,공영,박경언,111,3
1-11,수,1,통사,이혜정,111,3
1-11,수,2,한사,부지영,111,3
1-11,수,3,공영,박경언,111,3
1-11,수,4,미술,김형준,111,3
1-11,월,1,공수,최인경,111,3
1-11,월,2,공국,유하나,111,3
1-11,월,3,통과,백지선,111,3
1-11,월,4,체육,윤보경,111,3
1-11,월,5,통사,이혜정,111,3
1-11,월,6,과탐,배근혁,111,3
1-11,화,1,공영,박경언,111,3
1-11,화,2,공수,최인경,111,3
1-11,화,3,한사,부지영,111,3
1-11,화,4,미술,김형준,111,3
1-11,화,5,공국,유하나,111,3
1-11,화,6,진로,안지애,111,3
1-11,화,7,통과,백지선,111,3
1-2,금,1,공영,이현경,102,3
1-2,금,2,공수,이정경,102,3
1-2,금,3,통사,이미나,102,3
1-2,금,4,통과,최현석,102,3
1-2,금,5,음악,송은영,102,3
1-2,금,6,체육,진혜영,102,3
1-2,금,7,공국,설지은,102,3
1-2,목,1,과탐,이지원,102,3
1-2,목,2,공영,이현경,102,3
1-2,목,3,통사,이미나,102,3
1-2,목,4,한사,정승석,102,3
1-2,목,5,통과,최현석,102,3
1-2,목,6,공국,설지은,102,3
1-2,수,1,통사,이미나,102,3
1-2,수,2,음악,송은영,102,3
1-2,수,3,공수,이정경,102,3
1-2,수,4,한사,정승석,102,3
1-2,월,1,진로,윤미경,102,3
1-2,월,2,통사,이미나,102,3
1-2,월,3,공국,설지은,102,3
1-2,월,4,공영,이현경,102,3
1-2,월,5,공수,이정경,102,3
1-2,월,6,통과,최현석,102,3
1-2,화,1,통과,최현석,102,3
1-2,화,2,음악,송은영,102,3
1-2,화,3,공국,설지은,102,3
1-2,화,4,한사,정승석,102,3
1-2,화,5,체육,진혜영,102,3
1-2,화,6,공영,이현경,102,3
1-2,화,7,공수,이정경,102,3
1-3,금,1,공수,이정경,103,3
1-3,금,2,공영,이현경,103,3
1-3,금,3,통과,신주영,103,3
1-3,금,4,통사,이미나,103,3
1-3,금,5,공국,설지은,103,3
1-3,금,6,진로,윤미경,103,3
1-3,금,7,음악,송은영,103,3
1-3,목,1,공영,이현경,103,3
1-3,목,2,통사,이미나,103,3
1-3,목,3,체육,진혜영,103,3
1-3,목,4,공국,설지은,103,3
1-3,목,5,공수,이정경,103,3
1-3,목,6,통과,신주영,103,3
1-3,수,1,공수,이정경,103,3
1-3,수,2,한사,정승석,103,3
1-3,수,3,과탐,이지원,103,3
1-3,수,4,통과,신주영,103,3
1-3,월,1,통사,이미나,103,3
1-3,월,2,체육,진혜영,103,3
1-3,월,3,한사,정승석,103,3
1-3,월,4,공국,설지은,103,3
1-3,월,5,음악,송은영,103,3
1-3,월,6,공영,이현경,103,3
1-3,화,1,한사,정승석,103,3
1-3,화,2,공영,이현경,103,3
1-3,화,3,공수,이정경,103,3
1-3,화,4,통과,신주영,103,3
1-3,화,5,통사,이미나,103,3
1-3,화,6,음악,송은영,103,3
1-3,화,7,공국,설지은,103,3
1-4,금,1,통사,이미나,104,3
1-4,금,2,공국,설지은,104,3
1-4,금,3,체육,진혜영,104,3
1-4,금,4,통과,신주영,104,3
1-4,금,5,한사,정승석,104,3
1-4,금,6,공영,이현경,104,3
1-4,금,7,공수,이정경,104,3
1-4,목,1,한사,정승석,104,3
1-4,목,2,음악,정무영,104,3
1-4,목,3,공수,이정경,104,3
1-4,목,4,통과,신주영,104,3
1-4,목,5,체육,진혜영,104,3
1-4,목,6,공영,이현경,104,3
1-4,수,1,공영,이현경,104,3
1-4,수,2,공국,설지은,104,3
1-4,수,3,음악,정무영,104,3
1-4,수,4,통사,이미나,104,3
1-4,월,1,공국,설지은,104,3
1-4,월,2,진로,윤미경,104,3
1-4,월,3,공수,이정경,104,3
1-4,월,4,과탐,이혜선,104,3
1-4,월,5,통과,신주영,104,3
1-4,월,6,통사,이미나,104,3
1-4,화,1,통과,신주영,104,3
1-4,화,2,통사,이미나,104,3
1-4,화,3,공영,이현경,104,3
1-4,화,4,공국,설지은,104,3
1-4,화,5,공수,이정경,104,3
1-4,화,6,한사,정승석,104,3
1-4,화,7,음악,정무영,104,3
1-5,금,1,통과,신주영,105,3
1-5,금,2,한사,정승석,105,3
1-5,금,3,음악,송은영,105,3
1-5,금,4,통사,박재현,105,3
1-5,금,5,공수,안지애,105,3
1-5,금,6,공국,김슬이,105,3
1-5,금,7,공영,전민경,105,3
1-5,목,1,통과,신주영,105,3
1-5,목,2,공영,전민경,105,3
1-5,목,3,한사,정승석,105,3
1-5,목,4,공수,안지애,105,3
1-5,목,5,통사,박재현,105,3
1-5,목,6,과탐,배근혁,105,3
1-5,수,1,진로,윤미경,105,3
1-5,수,2,공국,김슬이,105,3
1-5,수,3,공영,전민경,105,3
1-5,수,4,공수,안지애,105,3
1-5,월,1,통과,신주영,105,3
1-5,월,2,음악,송은영,105,3
1-5,월,3,공국,김슬이,105,3
1-5,월,4,통사,박재현,105,3
1-5,월,5,체육,진혜영,105,3
1-5,월,6,한사,정승석,105,3
1-5,화,1,통사,박재현,105,3
1-5,화,2,공영,전민경,105,3
1-5,화,3,공수,안지애,105,3
1-5,화,4,체육,진혜영,105,3
1-5,화,5,음악,송은영,105,3
1-5,화,6,통과,신주영,105,3
1-5,화,7,공국,김슬이,105,3
1-6,금,1,체육,진혜영,106,3
1-6,금,2,공국,김슬이,106,3
1-6,금,3,공영,전민경,106,3
1-6,금,4,공수,안지애,106,3
1-6,금,5,통과,신주영,106,3
1-6,금,6,통사,박재현,106,3
1-6,금,7,한사,정승석,106,3
1-6,목,1,공영,전민경,106,3
1-6,목,2,통과,신주영,106,3
1-6,목,3,공국,김슬이,106,3
1-6,목,4,진로,윤미경,106,3
1-6,목,5,공수,안지애,106,3
1-6,목,6,음악,송은영,106,3
1-6,수,1,체육,진혜영,106,3
1-6,수,2,통과,신주영,106,3
1-6,수,3,통사,박재현,106,3
1-6,수,4,공영,전민경,106,3
1-6,월,1,한사,정승석,106,3
1-6,월,2,과탐,배근혁,106,3
1-6,월,3,음악,송은영,106,3
1-6,월,4,공수,안지애,106,3
1-6,월,5,공국,김슬이,106,3
1-6,월,6,통사,박재현,106,3
1-6,화,1,음악,송은영,106,3
1-6,화,2,공국,김슬이,106,3
1-6,화,3,한사,정승석,106,3
1-6,화,4,공수,안지애,106,3
1-6,화,5,공영,전민경,106,3
1-6,화,6,통사,박재현,106,3
1-6,화,7,통과,신주영,106,3
1-7,금,1,공영,전민경,107,3
1-7,금,2,공수,안지애,107,3
1-7,금,3,통사,박재현,107,3
1-7,금,4,공국,김슬이,107,3
1-7,금,5,통과,주은경,107,3
1-7,금,6,미술,김희정,107,3
1-7,금,7,과탐,배근혁,107,3
1-7,목,1,진로,윤미경,107,3
1-7,목,2,통사,박재현,107,3
1-7,목,3,통과,주은경,107,3
1-7,목,4,한사,부지영,107,3
1-7,목,5,공영,전민경,107,3
1-7,목,6,공국,김슬이,107,3
1-7,수,1,통사,박재현,107,3
1-7,수,2,공수,안지애,107,3
1-7,수,3,체육,진혜영,107,3
1-7,수,4,공국,김슬이,107,3
1-7,월,1,공수,안지애,107,3
1-7,월,2,공영,전민경,107,3
1-7,월,3,체육,진혜영,107,3
1-7,월,4,미술,김희정,107,3
1-7,월,5,한사,부지영,107,3
1-7,월,6,통과,주은경,107,3
1-7,화,1,공국,김슬이,107,3
1-7,화,2,통과,주은경,107,3
1-7,화,3,미술,김희정,107,3
1-7,화,4,통사,박재현,107,3
1-7,화,5,한사,부지영,107,3
1-7,화,6,공영,전민경,107,3
1-7,화,7,공수,안지애,107,3
1-8,금,1,통사,장이슬,108,3
1-8,금,2,미술,김희정,108,3
1-8,금,3,진로,윤미경,108,3
1-8,금,4,통과,조명숙,108,3
1-8,금,5,공국,유하나,108,3
1-8,금,6,공영,전민경,108,3
1-8,금,7,공수,최인경,108,3
1-8,목,1,통과,조명숙,108,3
1-8,목,2,공수,최인경,108,3
1-8,목,3,통사,장이슬,108,3
1-8,목,4,공영,전민경,108,3
1-8,목,5,미술,김희정,108,3
1-8,목,6,한사,부지영,108,3
1-8,수,1,과탐,배근혁,108,3
1-8,수,2,공수,최인경,108,3
1-8,수,3,공국,유하나,108,3
1-8,수,4,통과,조명숙,108,3
1-8,월,1,통과,조명숙,108,3
1-8,월,2,통사,장이슬,108,3
1-8,월,3,한사,부지영,108,3
1-8,월,4,공영,전민경,108,3
1-8,월,5,공국,유하나,108,3
1-8,월,6,체육,진혜영,108,3
1-8,화,1,공수,최인경,108,3
1-8,화,2,체육,진혜영,108,3
1-8,화,3,공영,전민경,108,3
1-8,화,4,공국,유하나,108,3
1-8,화,5,통사,장이슬,108,3
1-8,화,6,미술,김희정,108,3
1-8,화,7,한사,부지영,108,3
1-9,금,1,한사,부지영,109,3
1-9,금,2,공영,박경언,109,3
1-9,금,3,공국,유하나,109,3
1-9,금,4,진로,윤미경,109,3
1-9,금,5,미술,김희정,109,3
1-9,금,6,공수,최인경,109,3
1-9,금,7,통과,주은경,109,3
1-9,목,1,통과,주은경,109,3
1-9,목,2,미술,김희정,109,3
1-9,목,3,공영,박경언,109,3
1-9,목,4,체육,윤보경,109,3
1-9,목,5,공국,유하나,109,3
1-9,목,6,통사,이윤아,109,3
1-9,수,1,통사,이윤아,109,3
1-9,수,2,공국,유하나,109,3
1-9,수,3,한사,부지영,109,3
1-9,수,4,공수,최인경,109,3
1-9,월,1,과탐,이혜선,109,3
1-9,월,2,통사,이윤아,109,3
1-9,월,3,공영,박경언,109,3
1-9,월,4,통과,주은경,109,3
1-9,월,5,공수,최인경,109,3
1-9,월,6,한사,부지영,109,3
1-9,화,1,통과,주은경,109,3
1-9,화,2,공국,유하나,109,3
1-9,화,3,체육,윤보경,109,3
1-9,화,4,미술,김희정,109,3
1-9,화,5,공영,박경언,109,3
1-9,화,6,공수,최인경,109,3
1-9,화,7,통사,이윤아,109,3
2-1,금,1,영어Ⅰ,한지연,201,4
2-1,금,2,탐구B,배근혁,201,4
2-1,금,3,탐구C,강다솜,201,4
2-1,금,4,정보,신은희,201,4
2-1,금,5,문학,최은정,201,4
2-1,금,6,탐구A,최소영,201,4
2-1,금,7,미적Ⅰ,정혜경,201,4
2-1,목,1,영어Ⅰ,한지연,201,4
2-1,목,2,탐구C,강다솜,201,4
2-1,목,3,대수,윤해찬,201,4
2-1,목,4,미적Ⅰ,정혜경,201,4
2-1,목,5,탐구A,최소영,201,4
2-1,목,6,문학,최은정,201,4
2-1,수,1,스생1,윤보경,201,4
2-1,수,2,대수,윤해찬,201,4
2-1,수,3,탐구B,배근혁,201,4
2-1,수,4,정보,신은희,201,4
2-1,월,1,문학,최은정,201,4
2-1,월,2,정보,신은희,201,4
2-1,월,3,탐구B,배근혁,201,4
2-1,월,4,대수,윤해찬,201,4
2-1,월,5,영어Ⅰ,한지연,201,4
2-1,월,6,미적Ⅰ,정혜경,201,4
2-1,화,1,탐구C,강다솜,201,4
2-1,화,2,영어Ⅰ,한지연,201,4
2-1,화,3,문학,최은정,201,4
2-1,화,4,탐구A,최소영,201,4
2-1,화,5,스생1,윤보경,201,4
2-1,화,6,미적Ⅰ,정혜경,201,4
2-1,화,7,대수,윤해찬,201,4
2-10,금,1,문학,최진욱,210,4
2-10,금,2,탐구B,장이슬,210,4
2-10,금,3,탐구C,부지영,210,4
2-10,금,4,스생1,강지윤,210,4
2-10,금,5,영어Ⅰ,최하정,210,4
2-10,금,6,대수,김동균,210,4
2-10,금,7,주탐,김선미,210,4
2-10,목,1,영어Ⅰ,최하정,210,4
2-10,목,2,탐구C,부지영,210,4
2-10,목,3,윤사,박지인,210,4
2-10,목,4,문학,최진욱,210,4
2-10,목,5,주탐,김선미,210,4
2-10,목,6,일어,남윤주,210,4
2-10,수,1,대수,김동균,210,4
2-10,수,2,일어,남윤주,210,4
2-10,수,3,탐구B,장이슬,210,4
2-10,수,4,윤사,박지인,210,4
2-10,월,1,대수,김동균,210,4
2-10,월,2,주탐,김선미,210,4
2-10,월,3,탐구B,장이슬,210,4
2-10,월,4,윤사,박지인,210,4
2-10,월,5,문학,최진욱,210,4
2-10,월,6,영어Ⅰ,최하정,210,4
2-10,화,1,탐구C,부지영,210,4
2-10,화,2,문학,최진욱,210,4
2-10,화,3,일어,남윤주,210,4
2-10,화,4,영어Ⅰ,최하정,210,4
2-10,화,5,주탐,김선미,210,4
2-10,화,6,대수,김동균,210,4
2-10,화,7,스생1,강지윤,210,4
2-11,금,1,주탐,김선미,211,4
2-11,금,2,탐구B,권영미,211,4
2-11,금,3,탐구C,김민지,211,4
2-11,금,4,중어,이유경,211,4
2-11,금,5,영어Ⅰ,윤은지,211,4
2-11,금,6,탐구A,박지인,211,4
2-11,금,7,대수,김동균,211,4
2-11,목,1,문학,최은정,211,4
2-11,목,2,탐구C,김민지,211,4
2-11,목,3,주탐,김선미,211,4
2-11,목,4,영어Ⅰ,윤은지,211,4
2-11,목,5,탐구A,박지인,211,4
2-11,목,6,대수,김동균,211,4
2-11,수,1,문학,최은정,211,4
2-11,수,2,대수,김동균,211,4
2-11,수,3,탐구B,권영미,211,4
2-11,수,4,중어,이유경,211,4
2-11,월,1,스생1,강지윤,211,4
2-11,월,2,중어,이유경,211,4
2-11,월,3,탐구B,권영미,211,4
2-11,월,4,영어Ⅰ,윤은지,211,4
2-11,월,5,주탐,김선미,211,4
2-11,월,6,문학,최은정,211,4
2-11,화,1,탐구C,김민지,211,4
2-11,화,2,스생1,강지윤,211,4
2-11,화,3,대수,김동균,211,4
2-11,화,4,탐구A,박지인,211,4
2-11,화,5,문학,최은정,211,4
2-11,화,6,주탐,김선미,211,4
2-11,화,7,영어Ⅰ,윤은지,211,4
2-12,금,1,스생1,강지윤,212,4
2-12,금,2,영어Ⅰ,윤은지,212,4
2-12,금,3,대수,김동균,212,4
2-12,금,4,일어,남윤주,212,4
2-12,금,5,윤사,박지인,212,4
2-12,금,6,주탐,김선미,212,4
2-12,금,7,문학,정수아,212,4
2-12,목,1,세지,권영미,212,4
2-12,목,2,스생1,강지윤,212,4
2-12,목,3,영어Ⅰ,윤은지,212,4
2-12,목,4,일어,남윤주,212,4
2-12,목,5,대수,김동균,212,4
2-12,목,6,주탐,김선미,212,4
2-12,수,1,세사,김민지,212,4
2-12,수,2,주탐,김선미,212,4
2-12,수,3,문학,정수아,212,4
2-12,수,4,세지,권영미,212,4
2-12,월,1,윤사,박지인,212,4
2-12,월,2,영어Ⅰ,윤은지,212,4
2-12,월,3,대수,김동균,212,4
2-12,월,4,세사,김민지,212,4
2-12,월,5,일어,남윤주,212,4
2-12,월,6,문학,정수아,212,4
2-12,화,1,대수,김동균,212,4
2-12,화,2,세사,김민지,212,4
2-12,화,3,주탐,김선미,212,4
2-12,화,4,영어Ⅰ,윤은지,212,4
2-12,화,5,문학,정수아,212,4
2-12,화,6,세지,권영미,212,4
2-12,화,7,윤사,박지인,212,4
2-2,금,1,정보,신은희,202,4
2-2,금,2,스생1,윤보경,202,4
2-2,금,3,영어Ⅰ,한지연,202,4
2-2,금,4,대수,윤해찬,202,4
2-2,금,5,화학,최소영,202,4
2-2,금,6,미적Ⅰ,정혜경,202,4
2-2,금,7,문학,최진욱,202,4
2-2,목,1,대수,윤해찬,202,4
2-2,목,2,미적Ⅰ,정혜경,202,4
2-2,목,3,물리,배근혁,202,4
2-2,목,4,화학,최소영,202,4
2-2,목,5,영어Ⅰ,한지연,202,4
2-2,목,6,문학,최진욱,202,4
2-2,수,1,화학,최소영,202,4
2-2,수,2,정보,신은희,202,4
2-2,수,3,스생1,윤보경,202,4
2-2,수,4,생명,강다솜,202,4
2-2,월,1,대수,윤해찬,202,4
2-2,월,2,영어Ⅰ,한지연,202,4
2-2,월,3,미적Ⅰ,정혜경,202,4
2-2,월,4,생명,강다솜,202,4
2-2,월,5,물리,배근혁,202,4
2-2,월,6,문학,최진욱,202,4
2-2,화,1,정보,신은희,202,4
2-2,화,2,대수,윤해찬,202,4
2-2,화,3,생명,강다솜,202,4
2-2,화,4,문학,최진욱,202,4
2-2,화,5,미적Ⅰ,정혜경,202,4
2-2,화,6,영어Ⅰ,한지연,202,4
2-2,화,7,물리,배근혁,202,4
2-3,금,1,대수,윤해찬,203,4
2-3,금,2,탐구B,최소영,203,4
2-3,금,3,탐구C,배근혁,203,4
2-3,금,4,영어Ⅰ,윤은지,203,4
2-3,금,5,정보,신은희,203,4
2-3,금,6,탐구A,이혜선,203,4
2-3,금,7,문학,최은정,203,4
2-3,목,1,미적Ⅰ,정혜경,203,4
2-3,목,2,탐구C,배근혁,203,4
2-3,목,3,스생1,윤보경,203,4
2-3,목,4,문학,최은정,203,4
2-3,목,5,탐구A,이혜선,203,4
2-3,목,6,대수,윤해찬,203,4
2-3,수,1,미적Ⅰ,정혜경,203,4
2-3,수,2,영어Ⅰ,윤은지,203,4
2-3,수,3,탐구B,최소영,203,4
2-3,수,4,대수,윤해찬,203,4
2-3,월,1,정보,신은희,203,4
2-3,월,2,스생1,윤보경,203,4
2-3,월,3,탐구B,최소영,203,4
2-3,월,4,미적Ⅰ,정혜경,203,4
2-3,월,5,문학,최은정,203,4
2-3,월,6,영어Ⅰ,윤은지,203,4
2-3,화,1,탐구C,배근혁,203,4
2-3,화,2,미적Ⅰ,정혜경,203,4
2-3,화,3,대수,윤해찬,203,4
2-3,화,4,탐구A,이혜선,203,4
2-3,화,5,정보,신은희,203,4
2-3,화,6,영어Ⅰ,윤은지,203,4
2-3,화,7,문학,최은정,203,4
2-4,금,1,문학,정수아,204,4
2-4,금,2,탐구B,강다솜,204,4
2-4,금,3,대수,윤해찬,204,4
2-4,금,4,미적Ⅰ,전미화,204,4
2-4,금,5,스생1,윤보경,204,4
2-4,금,6,탐구A,배근혁,204,4
2-4,금,7,영어Ⅰ,윤은지,204,4
2-4,목,1,영어Ⅰ,윤은지,204,4
2-4,목,2,정보,신은희,204,4
2-4,목,3,문학,정수아,204,4
2-4,목,4,대수,윤해찬,204,4
2-4,목,5,탐구A,배근혁,204,4
2-4,목,6,미적Ⅰ,전미화,204,4
2-4,수,1,영어Ⅰ,윤은지,204,4
2-4,수,2,문학,정수아,204,4
2-4,수,3,탐구B,강다솜,204,4
2-4,수,4,화학,최소영,204,4
2-4,월,1,영어Ⅰ,윤은지,204,4
2-4,월,2,미적Ⅰ,전미화,204,4
2-4,월,3,탐구B,강다솜,204,4
2-4,월,4,화학,최소영,204,4
2-4,월,5,정보,신은희,204,4
2-4,월,6,대수,윤해찬,204,4
2-4,화,1,스생1,윤보경,204,4
2-4,화,2,화학,최소영,204,4
2-4,화,3,정보,신은희,204,4
2-4,화,4,탐구A,배근혁,204,4
2-4,화,5,미적Ⅰ,전미화,204,4
2-4,화,6,대수,윤해찬,204,4
2-4,화,7,문학,정수아,204,4
2-5,금,1,영문,오지연,205,4
2-5,금,2,탐구B,이윤아,205,4
2-5,금,3,탐구C,박지인,205,4
2-5,금,4,문학,최은정,205,4
2-5,금,5,중어,이유경,205,4
2-5,금,6,탐구A,장이슬,205,4
2-5,금,7,영어Ⅰ,한지연,205,4
2-5,목,1,대수,조연일,205,4
2-5,목,2,탐구C,박지인,205,4
2-5,목,3,문학,최은정,205,4
2-5,목,4,영문,오지연,205,4
2-5,목,5,탐구A,장이슬,205,4
2-5,목,6,영어Ⅰ,한지연,205,4
2-5,수,1,영어Ⅰ,한지연,205,4
2-5,수,2,스생1,강지윤,205,4
2-5,수,3,탐구B,이윤아,205,4
2-5,수,4,대수,조연일,205,4
2-5,월,1,중어,이유경,205,4
2-5,월,2,문학,최은정,205,4
2-5,월,3,탐구B,이윤아,205,4
2-5,월,4,대수,조연일,205,4
2-5,월,5,영문,오지연,205,4
2-5,월,6,영어Ⅰ,한지연,205,4
2-5,화,1,탐구C,박지인,205,4
2-5,화,2,문학,최은정,205,4
2-5,화,3,대수,조연일,205,4
2-5,화,4,탐구A,장이슬,205,4
2-5,화,5,중어,이유경,205,4
2-5,화,6,스생1,강지윤,205,4
2-5,화,7,영문,오지연,205,4
2-6,금,1,주탐,권경순,206,4
2-6,금,2,대수,조연일,206,4
2-6,금,3,탐구C,이윤아,206,4
2-6,금,4,영어Ⅰ,한지연,206,4
2-6,금,5,문학,최진욱,206,4
2-6,금,6,탐구A,권영미,206,4
2-6,금,7,중어,이유경,206,4
2-6,목,1,스생1,강지윤,206,4
2-6,목,2,탐구C,이윤아,206,4
2-6,목,3,영어Ⅰ,한지연,206,4
2-6,목,4,주탐,권경순,206,4
2-6,목,5,탐구A,권영미,206,4
2-6,목,6,중어,이유경,206,4
2-6,수,1,윤사,박지인,206,4
2-6,수,2,대수,조연일,206,4
2-6,수,3,문학,최진욱,206,4
2-6,수,4,영어Ⅰ,한지연,206,4
2-6,월,1,문학,최진욱,206,4
2-6,월,2,대수,조연일,206,4
2-6,월,3,스생1,강지윤,206,4
2-6,월,4,중어,이유경,206,4
2-6,월,5,주탐,권경순,206,4
2-6,월,6,윤사,박지인,206,4
2-6,화,1,탐구C,이윤아,206,4
2-6,화,2,대수,조연일,206,4
2-6,화,3,윤사,박지인,206,4
2-6,화,4,탐구A,권영미,206,4
2-6,화,5,영어Ⅰ,한지연,206,4
2-6,화,6,문학,최진욱,206,4
2-6,화,7,주탐,권경순,206,4
2-7,금,1,대수,조연일,207,4
2-7,금,2,탐구B,김민지,207,4
2-7,금,3,탐구C,최소영,207,4
2-7,금,4,영어Ⅰ,최하정,207,4
2-7,금,5,일어,남윤주,207,4
2-7,금,6,탐구A,이윤아,207,4
2-7,금,7,스생1,강지윤,207,4
2-7,목,1,영문,오지연,207,4
2-7,목,2,탐구C,최소영,207,4
2-7,목,3,문학,최진욱,207,4
2-7,목,4,스생1,강지윤,207,4
2-7,목,5,탐구A,이윤아,207,4
2-7,목,6,대수,조연일,207,4
2-7,수,1,영문,오지연,207,4
2-7,수,2,문학,최진욱,207,4
2-7,수,3,탐구B,김민지,207,4
2-7,수,4,영어Ⅰ,최하정,207,4
2-7,월,1,일어,남윤주,207,4
2-7,월,2,문학,최진욱,207,4
2-7,월,3,탐구B,김민지,207,4
2-7,월,4,영문,오지연,207,4
2-7,월,5,영어Ⅰ,최하정,207,4
2-7,월,6,대수,조연일,207,4
2-7,화,1,탐구C,최소영,207,4
2-7,화,2,영문,오지연,207,4
2-7,화,3,영어Ⅰ,최하정,207,4
2-7,화,4,탐구A,이윤아,207,4
2-7,화,5,일어,남윤주,207,4
2-7,화,6,대수,조연일,207,4
2-7,화,7,문학,최진욱,207,4
2-8,금,1,일어,남윤주,208,4
2-8,금,2,탐구B,이혜선,208,4
2-8,금,3,탐구C,권영미,208,4
2-8,금,4,문학,정수아,208,4
2-8,금,5,대수,조연일,208,4
2-8,금,6,탐구A,강다솜,208,4
2-8,금,7,영어Ⅰ,최하정,208,4
2-8,목,1,주탐,김선미,208,4
2-8,목,2,탐구C,권영미,208,4
2-8,목,3,대수,조연일,208,4
2-8,목,4,영어Ⅰ,최하정,208,4
2-8,목,5,탐구A,강다솜,208,4
2-8,목,6,문학,정수아,208,4
2-8,수,1,주탐,김선미,208,4
2-8,수,2,영어Ⅰ,최하정,208,4
2-8,수,3,탐구B,이혜선,208,4
2-8,수,4,스생1,강지윤,208,4
2-8,월,1,대수,조연일,208,4
2-8,월,2,일어,남윤주,208,4
2-8,월,3,탐구B,이혜선,208,4
2-8,월,4,주탐,김선미,208,4
2-8,월,5,문학,정수아,208,4
2-8,월,6,스생1,강지윤,208,4
2-8,화,1,탐구C,권영미,208,4
2-8,화,2,주탐,김선미,208,4
2-8,화,3,문학,정수아,208,4
2-8,화,4,탐구A,강다솜,208,4
2-8,화,5,대수,조연일,208,4
2-8,화,6,영어Ⅰ,최하정,208,4
2-8,화,7,일어,남윤주,208,4
2-9,금,1,영어Ⅰ,최하정,209,4
2-9,금,2,탐구B,박지인,209,4
2-9,금,3,탐구C,이혜선,209,4
2-9,금,4,대수,김동균,209,4
2-9,금,5,문학,정수아,209,4
2-9,금,6,탐구A,김민지,209,4
2-9,금,7,주탐,권경순,209,4
2-9,목,1,일어,남윤주,209,4
2-9,목,2,탐구C,이혜선,209,4
2-9,목,3,대수,김동균,209,4
2-9,목,4,문학,정수아,209,4
2-9,목,5,탐구A,김민지,209,4
2-9,목,6,영어Ⅰ,최하정,209,4
2-9,수,1,영어Ⅰ,최하정,209,4
2-9,수,2,주탐,권경순,209,4
2-9,수,3,탐구B,박지인,209,4
2-9,수,4,일어,남윤주,209,4
2-9,월,1,주탐,권경순,209,4
2-9,월,2,문학,정수아,209,4
2-9,월,3,탐구B,박지인,209,4
2-9,월,4,스생1,강지윤,209,4
2-9,월,5,대수,김동균,209,4
2-9,월,6,일어,남윤주,209,4
2-9,화,1,탐구C,이혜선,209,4
2-9,화,2,문학,정수아,209,4
2-9,화,3,스생1,강지윤,209,4
2-9,화,4,탐구A,김민지,209,4
2-9,화,5,대수,김동균,209,4
2-9,화,6,주탐,권경순,209,4
2-9,화,7,영어Ⅰ,최하정,209,4
3-1,금,1,스생,김민녕,301,5
3-1,금,2,탐구D,주은경,301,5
3-1,금,3,미비,김희정,301,5
3-1,금,4,언매,김빛나,301,5
3-1,금,5,탐구E1,백지선,301,5
3-1,금,6,확통,김혜원,301,5
3-1,금,7,교과G,신은희,301,5
3-1,목,1,논술,김태경,301,5
3-1,목,2,영독,정태은,301,5
3-1,목,3,교과G,신은희,301,5
3-1,목,4,미비,김희정,301,5
3-1,목,5,확통,김혜원,301,5
3-1,목,6,교과F,김민지,301,5
3-1,수,1,영독,정태은,301,5
3-1,수,2,탐구D,주은경,301,5
3-1,수,3,논술,김태경,301,5
3-1,수,4,언매,김빛나,301,5
3-1,월,1,확통,김혜원,301,5
3-1,월,2,논술,김태경,301,5
3-1,월,3,언매,김빛나,301,5
3-1,월,4,탐구E1,백지선,301,5
3-1,월,5,영독,정태은,301,5
3-1,월,6,학특,김혜원,301,5
3-1,화,1,스생,김민녕,301,5
3-1,화,2,확통,김혜원,301,5
3-1,화,3,탐구E1,백지선,301,5
3-1,화,4,탐구D,주은경,301,5
3-1,화,5,영독,정태은,301,5
3-1,화,6,언매,김빛나,301,5
3-1,화,7,교과F,김민지,301,5
3-10,금,1,사문,이혜정,310,5
3-10,금,2,화작,권경순,310,5
3-10,금,3,학특,이은영,310,5
3-10,금,4,스생,이상재,310,5
3-10,금,5,영독,정태은,310,5
3-10,금,6,확통,김신아,310,5
3-10,금,7,교과G,강다솜,310,5
3-10,목,1,논술,최소영,310,5
3-10,목,2,화작,권경순,310,5
3-10,목,3,교과G,강다솜,310,5
3-10,목,4,생윤,이은영,310,5
3-10,목,5,영독,정태은,310,5
3-10,목,6,교과F,이혜선,310,5
3-10,수,1,음비,정무영,310,5
3-10,수,2,확통,김신아,310,5
3-10,수,3,화작,권경순,310,5
3-10,수,4,생윤,이은영,310,5
3-10,월,1,논술,최소영,310,5
3-10,월,2,사문,이혜정,310,5
3-10,월,3,생윤,이은영,310,5
3-10,월,4,확통,김신아,310,5
3-10,월,5,스생,이상재,310,5
3-10,월,6,영독,정태은,310,5
3-10,화,1,영독,정태은,310,5
3-10,화,2,확통,김신아,310,5
3-10,화,3,음비,정무영,310,5
3-10,화,4,화작,권경순,310,5
3-10,화,5,논술,최소영,310,5
3-10,화,6,사문,이혜정,310,5
3-10,화,7,교과F,이혜선,310,5
3-11,금,1,논술,김슬이,311,5
3-11,금,2,탐구D,이은영,311,5
3-11,금,3,확통,김신아,311,5
3-11,금,4,탐구E2,최경순,311,5
3-11,금,5,영독,부지예,311,5
3-11,금,6,화작,강선영,311,5
3-11,금,7,교과G,이지원,311,5
3-11,목,1,영독,부지예,311,5
3-11,목,2,확통,김신아,311,5
3-11,목,3,교과G,이지원,311,5
3-11,목,4,화작,강선영,311,5
3-11,목,5,논술,김슬이,311,5
3-11,목,6,교과F,김민녕,311,5
3-11,수,1,화작,강선영,311,5
3-11,수,2,탐구D,이은영,311,5
3-11,수,3,확통,김신아,311,5
3-11,수,4,영독,부지예,311,5
3-11,월,1,탐구E2,최경순,311,5
3-11,월,2,확통,김신아,311,5
3-11,월,3,스생,이상재,311,5
3-11,월,4,음비,정무영,311,5
3-11,월,5,학특,부지예,311,5
3-11,월,6,영독,부지예,311,5
3-11,화,1,탐구E2,최경순,311,5
3-11,화,2,화작,강선영,311,5
3-11,화,3,스생,이상재,311,5
3-11,화,4,탐구D,이은영,311,5
3-11,화,5,논술,김슬이,311,5
3-11,화,6,음비,정무영,311,5
3-11,화,7,교과F,김민녕,311,5
3-12,금,1,음비,정무영,312,5
3-12,금,2,탐구D,최경순,312,5
3-12,금,3,언매,노하은,312,5
3-12,금,4,확통,김신아,312,5
3-12,금,5,탐구E1,이은영,312,5
3-12,금,6,영독,최진환,312,5
3-12,금,7,교과G,이혜선,312,5
3-12,목,1,음비,정무영,312,5
3-12,목,2,언매,노하은,312,5
3-12,목,3,교과G,이혜선,312,5
3-12,목,4,영독,최진환,312,5
3-12,목,5,확통,김신아,312,5
3-12,목,6,교과F,이은영,312,5
3-12,수,1,스생,이상재,312,5
3-12,수,2,탐구D,최경순,312,5
3-12,수,3,학특,노하은,312,5
3-12,수,4,논술,노하은,312,5
3-12,월,1,영독,최진환,312,5
3-12,월,2,스생,이상재,312,5
3-12,월,3,언매,노하은,312,5
3-12,월,4,탐구E1,이은영,312,5
3-12,월,5,논술,노하은,312,5
3-12,월,6,확통,김신아,312,5
3-12,화,1,확통,김신아,312,5
3-12,화,2,영독,최진환,312,5
3-12,화,3,탐구E1,이은영,312,5
3-12,화,4,탐구D,최경순,312,5
3-12,화,5,논술,노하은,312,5
3-12,화,6,언매,노하은,312,5
3-12,화,7,교과F,이은영,312,5
3-2,금,1,확통,김혜원,302,5
3-2,금,2,탐구D,조명숙,302,5
3-2,금,3,음비,정무영,302,5
3-2,금,4,언매,노하은,302,5
3-2,금,5,탐구E1,이지원,302,5
3-2,금,6,영독,부지예,302,5
3-2,금,7,교과G,김신아,302,5
3-2,목,1,언매,노하은,302,5
3-2,목,2,영독,부지예,302,5
3-2,목,3,교과G,김신아,302,5
3-2,목,4,음비,정무영,302,5
3-2,목,5,논술,김태경,302,5
3-2,목,6,교과F,신은희,302,5
3-2,수,1,확통,김혜원,302,5
3-2,수,2,탐구D,조명숙,302,5
3-2,수,3,스생,김민녕,302,5
3-2,수,4,논술,김태경,302,5
3-2,월,1,스생,김민녕,302,5
3-2,월,2,언매,노하은,302,5
3-2,월,3,영독,부지예,302,5
3-2,월,4,탐구E1,이지원,302,5
3-2,월,5,확통,김혜원,302,5
3-2,월,6,논술,김태경,302,5
3-2,화,1,언매,노하은,302,5
3-2,화,2,영독,부지예,302,5
3-2,화,3,탐구E1,이지원,302,5
3-2,화,4,탐구D,조명숙,302,5
3-2,화,5,학특,김민녕,302,5
3-2,화,6,확통,김혜원,302,5
3-2,화,7,교과F,신은희,302,5
3-3,금,1,사문,최경순,303,5
3-3,금,2,화작,김빛나,303,5
3-3,금,3,영독,최진환,303,5
3-3,금,4,확통,김혜원,303,5
3-3,금,5,스생,김민녕,303,5
3-3,금,6,생윤,이은영,303,5
3-3,금,7,교과G,김형준,303,5
3-3,목,1,스생,김민녕,303,5
3-3,목,2,화작,김빛나,303,5
3-3,목,3,교과G,김형준,303,5
3-3,목,4,확통,김혜원,303,5
3-3,목,5,학특,최경순,303,5
3-3,목,6,교과F,최경순,303,5
3-3,수,1,사문,최경순,303,5
3-3,수,2,논술,이유경,303,5
3-3,수,3,영독,최진환,303,5
3-3,수,4,미비,김희정,303,5
3-3,월,1,생윤,이은영,303,5
3-3,월,2,확통,김혜원,303,5
3-3,월,3,미비,김희정,303,5
3-3,월,4,영독,최진환,303,5
3-3,월,5,사문,최경순,303,5
3-3,월,6,화작,김빛나,303,5
3-3,화,1,생윤,이은영,303,5
3-3,화,2,화작,김빛나,303,5
3-3,화,3,논술,이유경,303,5
3-3,화,4,영독,최진환,303,5
3-3,화,5,확통,김혜원,303,5
3-3,화,6,논술,이유경,303,5
3-3,화,7,교과F,최경순,303,5
3-4,금,1,논술,이유경,304,5
3-4,금,2,확통,전미화,304,5
3-4,금,3,교과G,이상재,304,5
3-4,금,4,사문,이혜정,304,5
3-4,금,5,언매,김빛나,304,5
3-4,금,6,미비,김형준,304,5
3-4,금,7,영독,정태은,304,5
3-4,목,1,언매,김빛나,304,5
3-4,목,2,논술,이유경,304,5
3-4,목,3,생윤,이은영,304,5
3-4,목,4,영독,정태은,304,5
3-4,목,5,사문,이혜정,304,5
3-4,목,6,교과F,이지원,304,5
3-4,수,1,생윤,이은영,304,5
3-4,수,2,교과G,이상재,304,5
3-4,수,3,확통,전미화,304,5
3-4,수,4,학특,이혜정,304,5
3-4,월,1,미비,김형준,304,5
3-4,월,2,영독,정태은,304,5
3-4,월,3,확통,전미화,304,5
3-4,월,4,스생,김민녕,304,5
3-4,월,5,언매,김빛나,304,5
3-4,월,6,생윤,이은영,304,5
3-4,화,1,논술,이유경,304,5
3-4,화,2,영독,정태은,304,5
3-4,화,3,사문,이혜정,304,5
3-4,화,4,스생,김민녕,304,5
3-4,화,5,언매,김빛나,304,5
3-4,화,6,확통,전미화,304,5
3-4,화,7,교과F,이지원,304,5
3-5,금,1,영독,부지예,305,5
3-5,금,2,탐구D,백지선,305,5
3-5,금,3,스생,김민녕,305,5
3-5,금,4,화작,권경순,305,5
3-5,금,5,탐구E1,권영미,305,5
3-5,금,6,확통,전미화,305,5
3-5,금,7,교과G,오지연,305,5
3-5,목,1,화작,권경순,305,5
3-5,목,2,스생,김민녕,305,5
3-5,목,3,교과G,오지연,305,5
3-5,목,4,확통,전미화,305,5
3-5,목,5,영독,부지예,305,5
3-5,목,6,교과F,조명숙,305,5
3-5,수,1,미비,김형준,305,5
3-5,수,2,탐구D,백지선,305,5
3-5,수,3,영독,부지예,305,5
3-5,수,4,논술,오지연,305,5
3-5,월,1,논술,오지연,305,5
3-5,월,2,화작,권경순,305,5
3-5,월,3,미비,김형준,305,5
3-5,월,4,탐구E1,권영미,305,5
3-5,월,5,학특,김형준,305,5
3-5,월,6,확통,전미화,305,5
3-5,화,1,화작,권경순,305,5
3-5,화,2,확통,전미화,305,5
3-5,화,3,탐구E1,권영미,305,5
3-5,화,4,탐구D,백지선,305,5
3-5,화,5,영독,부지예,305,5
3-5,화,6,논술,오지연,305,5
3-5,화,7,교과F,조명숙,305,5
3-6,금,1,지구Ⅱ,주은경,306,5
3-6,금,2,영독,최진환,306,5
3-6,금,3,논술,김태경,306,5
3-6,금,4,음비,정무영,306,5
3-6,금,5,탐구E1,조명숙,306,5
3-6,금,6,언매,노하은,306,5
3-6,금,7,교과G,박재현,306,5
3-6,목,1,확통,전미화,306,5
3-6,목,2,영독,최진환,306,5
3-6,목,3,교과G,박재현,306,5
3-6,목,4,언매,노하은,306,5
3-6,목,5,학특,주은경,306,5
3-6,목,6,교과F,김형준,306,5
3-6,수,1,언매,노하은,306,5
3-6,수,2,스생,김민녕,306,5
3-6,수,3,지구Ⅱ,주은경,306,5
3-6,수,4,확통,전미화,306,5
3-6,월,1,논술,김태경,306,5
3-6,월,2,영독,최진환,306,5
3-6,월,3,지구Ⅱ,주은경,306,5
3-6,월,4,탐구E1,조명숙,306,5
3-6,월,5,확통,전미화,306,5
3-6,월,6,스생,김민녕,306,5
3-6,화,1,확통,전미화,306,5
3-6,화,2,언매,노하은,306,5
3-6,화,3,탐구E1,조명숙,306,5
3-6,화,4,음비,정무영,306,5
3-6,화,5,논술,김태경,306,5
3-6,화,6,영독,최진환,306,5
3-6,화,7,교과F,김형준,306,5
3-7,금,1,학특,최현석,307,5
3-7,금,2,탐구D,이지원,307,5
3-7,금,3,영독,정태은,307,5
3-7,금,4,논술,김태경,307,5
3-7,금,5,탐구E1,최현석,307,5
3-7,금,6,스생,이상재,307,5
3-7,금,7,교과G,김민지,307,5
3-7,목,1,영독,정태은,307,5
3-7,목,2,확통,강민경,307,5
3-7,목,3,교과G,김민지,307,5
3-7,목,4,언매,김빛나,307,5
3-7,목,5,음비,정무영,307,5
3-7,목,6,교과F,윤보경,307,5
3-7,수,1,확통,강민경,307,5
3-7,수,2,탐구D,이지원,307,5
3-7,수,3,언매,김빛나,307,5
3-7,수,4,영독,정태은,307,5
3-7,월,1,확통,강민경,307,5
3-7,월,2,언매,김빛나,307,5
3-7,월,3,영독,정태은,307,5
3-7,월,4,탐구E1,최현석,307,5
3-7,월,5,논술,김태경,307,5
3-7,월,6,음비,정무영,307,5
3-7,화,1,언매,김빛나,307,5
3-7,화,2,논술,김태경,307,5
3-7,화,3,탐구E1,최현석,307,5
3-7,화,4,탐구D,이지원,307,5
3-7,화,5,스생,이상재,307,5
3-7,화,6,확통,강민경,307,5
3-7,화,7,교과F,윤보경,307,5
3-8,금,1,확통,강민경,308,5
3-8,금,2,탐구D,최현석,308,5
3-8,금,3,영독,부지예,308,5
3-8,금,4,탐구E2,이지원,308,5
3-8,금,5,화작,강선영,308,5
3-8,금,6,논술,김태경,308,5
3-8,금,7,교과G,남윤주,308,5
3-8,목,1,화작,강선영,308,5
3-8,목,2,논술,김태경,308,5
3-8,목,3,교과G,남윤주,308,5
3-8,목,4,영독,부지예,308,5
3-8,목,5,스생,이상재,308,5
3-8,목,6,교과F,박재현,308,5
3-8,수,1,영독,부지예,308,5
3-8,수,2,탐구D,최현석,308,5
3-8,수,3,확통,강민경,308,5
3-8,수,4,음비,정무영,308,5
3-8,월,1,탐구E2,이지원,308,5
3-8,월,2,영독,부지예,308,5
3-8,월,3,음비,정무영,308,5
3-8,월,4,확통,강민경,308,5
3-8,월,5,화작,강선영,308,5
3-8,월,6,학특,강민경,308,5
3-8,화,1,탐구E2,이지원,308,5
3-8,화,2,확통,강민경,308,5
3-8,화,3,논술,김태경,308,5
3-8,화,4,탐구D,최현석,308,5
3-8,화,5,화작,강선영,308,5
3-8,화,6,스생,이상재,308,5
3-8,화,7,교과F,박재현,308,5
3-9,금,1,화작,강선영,309,5
3-9,금,2,탐구D,이혜정,309,5
3-9,금,3,확통,강민경,309,5
3-9,금,4,영독,최진환,309,5
3-9,금,5,탐구E1,최경순,309,5
3-9,금,6,음비,정무영,309,5
3-9,금,7,교과G,안지애,309,5
3-9,목,1,확통,강민경,309,5
3-9,목,2,학특,강선영,309,5
3-9,목,3,교과G,안지애,309,5
3-9,목,4,스생,이상재,309,5
3-9,목,5,논술,강선영,309,5
3-9,목,6,교과F,장이슬,309,5
3-9,수,1,영독,최진환,309,5
3-9,수,2,탐구D,이혜정,309,5
3-9,수,3,화작,강선영,309,5
3-9,수,4,논술,강선영,309,5
3-9,월,1,음비,정무영,309,5
3-9,월,2,화작,강선영,309,5
3-9,월,3,확통,강민경,309,5
3-9,월,4,탐구E1,최경순,309,5
3-9,월,5,영독,최진환,309,5
3-9,월,6,논술,강선영,309,5
3-9,화,1,영독,최진환,309,5
3-9,화,2,스생,이상재,309,5
3-9,화,3,탐구E1,최경순,309,5
3-9,화,4,탐구D,이혜정,309,5
3-9,화,5,확통,강민경,309,5
3-9,화,6,화작,강선영,309,5
3-9,화,7,교과F,장이슬,309,5
